-2.392811469050097270e-02,2.795082789184070160e-01,-9.478092288600076243e-02,5.823488314617313727e-02,-7.615719484498345571e-02,-5.701458434782819690e-02,1.077007300004482332e-01,5.979044602000858910e-02,-4.494373053418918018e-02,-3.528984124632074393e-02,-6.717951732647332863e-02,-3.334273929049488133e-02,-2.087816994723781239e-01,1.106134058493255246e-01,-5.523046720945036514e-02,1.333805333594052442e-02,-1.932998514009561242e-01,2.955968420423713428e-03,-6.625159868821366149e-02,2.594633047932002334e-01,1.176925617091100773e-01,6.892796863796189777e-02,1.796275710003759074e-01,-8.312495919802492805e-02,9.239260013521850834e-02,-3.150756397285490312e-02,-7.250844489750458977e-02,1.095945280396726923e-01,-5.932159589804351235e-02,-2.505417213491170636e-01
1.048723437112769608e-01,2.240995031241532487e-01,-3.613456256178994991e-02,5.321951031752961137e-02,-1.413323603614219659e-01,-1.603254932837661906e-01,-1.432446720528533432e-02,2.407081248697275425e-02,-1.194552410266917948e-02,-6.133193839246537521e-02,-2.221488609498325772e-01,-8.892314072113700896e-02,-9.795360502375078521e-03,2.976054169084367887e-02,6.112101268468594223e-02,-3.086609374509480946e-02,-7.708202131033448090e-02,-9.615885404062231301e-02,-2.516345322618235292e-01,-7.238340310003199551e-02,1.375207115364688870e-01,1.407752021833876543e-01,-1.131922064549435308e-01,-6.950595008332574598e-02,6.216313850879558178e-02,3.180930931358337821e-01,-2.780899547125162963e-01,-8.322983064099075123e-02,1.541525672255192325e-02,9.779037224561334951e-02
-1.740750024816257319e-02,1.248489691254784928e-01,1.267985688093491436e-01,-5.397292757879573050e-02,-5.160729841940026041e-02,-1.203701241106187869e-01,-2.248029281913175303e-01,5.691971147758069505e-02,-1.942382144101066077e-01,7.580114867570582338e-02,4.684577644262907098e-02,3.121940536422841694e-02,-6.030028150145585325e-02,1.375806031952214181e-01,2.891288131068501382e-02,-1.229818685282365459e-01,7.147981823513871458e-02,-8.266683267933462587e-02,9.284791360672085825e-02,-1.678862578490793733e-01,2.620022710160637702e-01,5.690301528857729524e-02,1.776103042542558075e-01,9.518551745517370155e-02,9.961276300581489718e-02,9.322807440478932117e-02,1.201272953495391427e-01,-3.996592072817551494e-02,-1.607477580558556163e-01,-1.281288513992836012e-02
-6.562244424026358880e-02,7.205032648913606286e-02,1.522389254901552191e-01,-6.014173009836012301e-02,-5.125140279133715698e-02,-7.590326777490251364e-02,-1.287212258603822324e-01,1.223888839801630796e-01,-1.496706479168143922e-01,-4.229037747287016369e-02,1.206081080045324355e-01,1.024954876092535605e-01,-1.382807224953570002e-01,-3.660968787769346838e-03,-4.124557598052584068e-02,1.601623084599747560e-01,4.682749930975099034e-02,2.335659743480952063e-03,-8.611783621844008862e-02,-4.699658643277197095e-02,1.319575825848675332e-01,-8.088700286033549680e-02,2.090791950576549943e-02,-7.254752553538099114e-02,-1.153848143425440127e-02,-2.174290552435219626e-01,-1.809339105546019510e-01,2.074085074734718578e-02,2.077938777040554685e-01,-2.134891144295072707e-01
-2.617261467081118814e-02,2.716459834469662216e-01,-9.636182173176162380e-02,7.768806982824001672e-02,-6.657577503797384999e-02,-7.409020941935855198e-02,1.191243698244121019e-01,7.486029032780584791e-02,-4.533745015058521233e-02,-8.348377550854708951e-02,-4.842752762660963717e-02,-7.045120352547182274e-02,-1.577498955977411910e-01,1.935395470716967936e-01,-1.691366325094424972e-01,-1.117139222327402787e-01,-1.908831151818466410e-01,2.007168162422354740e-01,1.046520738424156494e-01,-3.447899800350396476e-02,6.575150067420076905e-02,-4.605727248152492043e-02,1.466931097529013961e-01,1.925608733910099957e-01,-4.011480850448610053e-02,-1.700219720549030755e-01,8.004309105607727848e-02,9.494922400178398836e-02,1.520256178631413380e-01,3.020178859669763738e-01
1.466848800825619747e-01,2.221668871937966250e-01,-3.381710284202759514e-02,6.688447174761592839e-02,-1.064067360417475516e-01,-1.337724673935458686e-01,3.150999769528748523e-02,-6.590099272708178912e-02,3.669738427614861048e-02,-6.616273586711551857e-02,-2.975934415734423633e-01,-3.323980871214352040e-02,-1.967948657091807552e-01,-1.505391027130085768e-01,6.650320124070897843e-02,-1.119177749821341772e-01,1.078718829535604551e-01,1.204371614144678602e-02,-4.045490972598982105e-02,5.652068965901205916e-03,-5.631905279181263074e-02,-5.311550861212220587e-02,-1.946551742476760605e-01,-2.046691098621166438e-01,3.950449492032854365e-02,-1.100458711801604456e-01,-1.334047406725391849e-01,1.176864082977616133e-01,4.195655941789848409e-02,-2.678384792455389130e-02
2.483328344274512902e-03,1.529050992186619939e-01,9.770686622571606028e-02,-2.582311896940236648e-02,-5.280305972392676517e-02,-1.265772158324405261e-01,-1.565454203717382697e-01,-1.042870930893073783e-01,-1.606361670400903163e-01,2.428493265570342424e-02,1.834343900317644827e-02,9.594318110361924057e-02,-7.901943758884145963e-02,-5.340723032680128263e-04,-8.354402750568361291e-02,4.548456395671093833e-02,1.981272436613509477e-02,-4.485298818479778460e-02,-5.784349038794640158e-02,1.034992003792865739e-01,-2.151436611908194296e-01,8.044463467716110594e-02,6.860814158156404441e-02,2.228427400951376591e-01,-7.255027511465227119e-02,7.380242424113460376e-02,-1.686947732185394566e-01,2.196690752662619761e-01,9.666930249986549484e-02,1.304663452252680378e-01
5.680902963469660477e-02,6.066015372626602786e-02,1.886489845070514759e-01,-3.222641773392649622e-02,-5.592359095750043529e-02,-1.496413129186689173e-01,-2.162562519152510521e-01,8.183413974096495624e-02,3.073202357488206971e-02,-5.909262604785172485e-02,6.351541241961085327e-02,-7.965962961436880152e-02,8.022069787406964358e-02,1.050343837584962053e-01,1.399408366350897437e-01,-1.171555020565991645e-01,1.007044976805169800e-01,2.072441553209660725e-01,-9.592474981811054124e-02,1.139059759309392766e-01,-3.107320288951793685e-01,-1.566787789266144842e-02,2.049289238152494086e-01,-7.324075267315000026e-02,-3.698677838959723435e-02,4.929484711092390475e-02,5.987200275259750570e-02,-6.500600280044209478e-02,-2.505784523309634651e-02,1.070833764485215785e-02
-5.817879101434816208e-02,7.950967360780379634e-02,1.513825773701760469e-01,-6.771718759272904453e-02,-4.654083304315482367e-02,-8.702790386543221568e-02,-1.942421718215052995e-01,1.541332162172378596e-02,-1.462955268307391532e-01,-4.475056393254359111e-02,6.753808621293320644e-03,1.284984251141758627e-01,2.605427838357557424e-02,-8.482321336978698723e-02,-5.883066833440057930e-02,1.525537093561979973e-01,1.512720669537013229e-01,-9.741184834003879800e-02,1.519069995807285911e-01,-1.229760179602042147e-01,-1.162294900276553272e-01,-5.967300182612024495e-02,-2.590839502096756262e-03,1.284394973270560902e-01,-5.353192365904865108e-02,-1.404612904007430108e-01,-2.266792244625779329e-01,-1.950266107756265799e-01,-5.429444203600860414e-02,1.008308442904383290e-01
-9.730940321917554148e-02,5.422246009841472092e-02,1.401363196661492283e-01,-8.634183856387106504e-02,-6.750697872761790563e-02,-2.622601990696385096e-02,-1.063124346714329621e-01,1.794356904815524456e-01,-8.809740592822105920e-02,-1.239601653315516028e-01,4.845154281928167397e-03,6.952987207471204856e-02,1.258940737273108457e-01,-3.777696766473691986e-02,8.240243052577983507e-02,-1.127071078180860858e-01,2.096864950900960076e-02,2.808057485075219142e-02,7.468602933255778786e-02,1.235125563058667719e-01,1.300350664159428092e-02,4.958893484830288051e-02,-1.519306828924591735e-01,7.172151985055234824e-02,-2.116671996093273389e-01,-1.125412687852428567e-01,-3.798301840999428105e-03,-8.907431913633440113e-02,8.607764671926966538e-02,2.703976873230178324e-01
-1.061715954325965217e-01,2.720797035021069177e-01,-1.162165764862659184e-01,4.386080575678746180e-02,-5.706994224475471500e-02,-2.892063857515944983e-02,1.227674715117198917e-01,1.036188145398607430e-01,-1.821971160500796688e-02,-7.741407837608449416e-02,1.029730079508919538e-01,5.499494122468405466e-02,1.373542878044006488e-01,1.695758513332436355e-04,7.382615874888030782e-02,1.932130228954580531e-01,-2.258057593134914914e-02,1.636412465212930822e-01,1.687624389715298642e-02,4.780023367418546193e-02,-1.439331042274808181e-01,-1.115424005779441369e-01,-1.440016071832795064e-01,6.434413008859200811e-02,-4.244008104253144814e-02,-2.009108036280103371e-01,-5.100530198086869471e-02,5.455535955037361245e-02,-1.907501569546046216e-01,-8.728467520148047720e-02
1.741259875852211314e-01,2.131871025211777571e-01,3.343960024590123762e-03,7.132031474005423588e-02,-7.996659629428901073e-02,-1.410158421661925066e-01,2.035891752660634602e-02,-9.132814301799194179e-02,-1.981052776928254877e-02,-2.709291193278134946e-02,-1.790165805746206651e-01,-1.368449580899073342e-02,-3.270230959003636584e-01,-2.274660637629716542e-01,2.088020258555935843e-02,2.267618314631035248e-01,1.039081502319940120e-01,1.831151878873054500e-02,2.722956946109263976e-01,-5.479479616311846296e-02,-1.034958017738607655e-01,-1.818945873552353654e-01,8.274290606923025149e-02,4.365464530884234640e-02,-4.579837305974505252e-02,1.081313472008689214e-01,3.075984196558545491e-01,-1.997158067072238030e-01,4.869618364466070382e-02,-5.200441065853735750e-02
7.140462522682082536e-02,2.286750385978894018e-01,-6.863887383554084266e-03,7.038303938768181167e-02,-1.740553244941645678e-03,-7.943587330240767241e-02,1.066510092191862435e-01,-1.151050247774638852e-01,4.638846024861142947e-02,4.175486309038960869e-02,5.909386088676527732e-02,-2.896329445633369706e-02,2.759217159945722905e-02,2.133811479863486626e-01,1.094797708811193343e-01,8.256963876667292035e-02,2.216359074598262813e-01,-3.025882079887566301e-01,1.224677241802014580e-02,1.557363917148174848e-01,5.673114905015019804e-02,6.917326616700431030e-02,1.035045430669664646e-01,2.843335635500861790e-03,-8.540936231519560828e-02,2.917362901542525436e-02,7.032872503666064146e-02,2.267060357581407795e-02,-1.274959745758778018e-01,-5.858649643171242455e-02
-4.995865320422488570e-02,2.563995014603697165e-01,-2.221037144068232008e-02,2.521656670886289822e-02,1.637425974808104367e-02,1.354892659712017035e-02,1.003460151108686860e-01,-9.003879073676079869e-02,-3.743979895080257192e-02,7.397115730204184558e-02,7.038086553308349480e-02,1.606028417650093298e-01,1.435987203573180493e-01,2.404252958200923107e-01,1.020044378502501237e-01,-6.011814940072380403e-02,-4.398648214663369860e-02,-2.860517011715203450e-01,2.207565916135371953e-01,1.081146288599902361e-01,9.521005436211062156e-02,9.573731231598411884e-02,-7.857904539132835875e-02,2.895737909278697786e-02,-1.587561677484970735e-01,5.123402216009430993e-02,-3.593980227449766057e-02,-1.382269023040107736e-01,-9.550604309017879379e-02,5.354841040667514263e-02
9.833774658113571265e-02,5.537980722085671104e-02,2.063860519358437506e-01,-1.298585865016257425e-02,-2.523208656269768785e-02,-1.760225050164882232e-01,-1.866910328925692197e-01,-7.647944792336923772e-03,1.691542576796874892e-02,6.423693787304662894e-02,-8.367590107565335555e-02,-4.504241151461424106e-03,-4.067867710095654510e-02,1.243976899614989556e-01,1.737835615619002516e-01,-2.471790637903551746e-01,-1.359626068457406856e-01,1.170881284511045700e-01,-1.634640968007875601e-03,-2.890923673469478900e-02,-1.662979503112986812e-01,2.459970838899515344e-01,-8.230305663691198093e-02,1.160243410657357532e-01,1.752943409353511506e-01,-1.315114847251316055e-01,1.914310529313394404e-01,1.412764140099072308e-01,-2.797149338076253960e-02,-1.648429320674139192e-02
-6.268105476105668289e-03,8.915734711391987144e-02,1.742582052675040738e-01,-5.394519304344608940e-02,-1.613097530855668593e-02,-1.013930531034092641e-01,-1.350293584207121755e-01,-1.574796872643149104e-01,-2.057617464202936633e-02,1.061347160167907394e-01,5.320314570182356484e-02,1.213832232421051260e-01,6.696510539140687612e-02,1.147532215908039221e-01,1.662321057591588103e-01,5.729458773536361127e-02,1.277182882398890107e-01,1.457526272813815527e-01,-3.370503235034139067e-02,-9.264469319831618310e-02,8.538863610057589870e-02,1.086364928952540249e-01,-1.230312912665379316e-01,-2.427299360596574251e-01,1.243480163953926410e-01,-1.122633164754660400e-02,1.392360537003364540e-01,-1.067066980893653927e-01,1.632314543075383539e-01,-1.157238337586561777e-01
-1.281673966085820349e-01,1.094678049275611131e-01,1.407232032590906290e-01,-6.911932489313322991e-02,-2.185176100240053890e-02,-4.229415050125400616e-03,-1.469535111028639485e-01,-1.531088457151613680e-01,-1.301669243283958555e-01,-8.833337437222092692e-02,7.307876264642710132e-03,-1.081336261949053697e-02,6.272550311783241239e-02,8.346934985734953683e-02,-3.396280979448791926e-01,1.551401155229911732e-01,-9.977301717228545530e-02,1.050336812342896192e-01,1.380533515437991077e-01,-1.205260008312868392e-01,1.029519511290731375e-02,-6.499896136139013923e-03,-1.910237327610492253e-01,-2.451711786312976704e-01,-1.776812511256391502e-01,1.045609445970037583e-02,-1.106512973769566976e-01,4.332875669849948347e-02,2.095066546672805577e-02,-1.540935565219657133e-01
4.828565626214446904e-02,3.257062515287284521e-02,2.050154330250123780e-01,-3.311894051548529283e-02,-5.927356628287487605e-02,-1.187947032124405666e-01,-1.265375415071746668e-01,3.614209934895115661e-02,9.863917269188031411e-02,-1.055625820169905395e-02,-9.851827993644883888e-03,-2.478058843754914545e-02,7.745858714097691999e-02,-4.966256994385232632e-04,3.437617362229321988e-02,-9.648239541103158234e-02,-2.324198992426217136e-02,9.125330528815162739e-03,-1.908187858654348049e-02,2.255968091148550722e-02,-9.078039531433412801e-02,-3.029927827526034401e-01,-8.027413699991776952e-03,-1.507982168556744607e-01,-1.077545146806308928e-03,2.892053129449366489e-02,1.396163201707740775e-01,1.384033401920034267e-01,-1.195916553869785376e-01,-7.228795524600757638e-02
-8.457561427153360845e-02,5.206766750111275349e-02,1.569762474171082223e-01,-8.863669546029766255e-02,-7.178748998535171288e-02,-3.335326809949615973e-02,-6.360754572616499070e-02,-1.397636504217574238e-01,-4.619733517175396258e-03,-7.257871958750122809e-02,3.427029538563519662e-02,5.584983677075898434e-02,4.795927161504970337e-02,-2.369797124356151641e-02,-1.234029635538054330e-02,1.332864417330708630e-02,-1.984426083033346000e-01,1.656217255959729628e-01,-7.299805649657682693e-02,1.969656364983440044e-01,3.090703423372858083e-01,-1.020510264799666250e-01,1.146389716667915865e-01,-8.937966332707459119e-03,-6.090432470794190922e-02,1.659974188209858148e-01,-1.115995790096518643e-03,-4.325392261633536489e-02,2.181441813341511438e-02,-1.332832046414709481e-01
-1.230861904554163694e-01,3.263028363822884775e-02,1.458069718541068482e-01,-8.642346882563199661e-02,-1.363416823913813913e-01,6.199569773104423448e-02,-6.887310855541267651e-02,1.058605425076234036e-01,5.133043074306700010e-02,-2.123914759048278478e-01,2.996369593914698440e-02,-4.410616259068505379e-02,1.608672757527487285e-01,-2.453923965600903201e-01,-6.038123087993952504e-02,-4.614791918762242012e-02,1.768198719221766579e-01,-9.302057687812481657e-02,3.606095608435097577e-02,1.645195184999386981e-02,4.899086478870641470e-03,-1.768053261604063051e-02,1.156053909878753394e-01,1.268639774438124757e-01,-5.071628374141033679e-02,1.046415212266234851e-01,-9.155633627307616096e-02,2.184564819880533415e-01,-7.492858512548493388e-02,-2.457871026637723291e-02
-1.357808753796699852e-01,2.135454405612519091e-01,-7.520262907180912115e-02,4.901444704388842333e-02,-5.629035916013624269e-02,-3.549178833493443763e-02,9.956427648396289076e-02,2.278555685180089219e-01,6.322326089140689609e-02,-5.640133991129255009e-02,5.516019997288652832e-02,-4.209981616483033685e-03,1.928490026884677189e-01,-1.628012951191555036e-01,5.196758622645099301e-02,-1.404053761445638038e-01,-6.418392301034159253e-02,-6.992828850365521987e-02,5.656533327188404542e-02,-2.931131664680431959e-01,6.281585867104928778e-02,-2.615318842519768344e-02,-2.286784182506777230e-01,3.667939745337514545e-02,-1.021480538787135350e-02,5.249164843213211668e-02,1.556114245002359654e-02,-1.466181829015738014e-01,2.594287290873235063e-01,-1.873466556331975785e-01
3.922919533864201169e-02,1.343132063347238780e-01,5.613708037041811871e-02,1.129797809029782357e-01,-4.949353458416122509e-02,-1.091043089551602951e-01,8.049070147620315807e-02,-7.833037481443572148e-02,3.004120075018854585e-01,1.223363213912883468e-01,-1.082878634976763843e-02,-6.900560081204822060e-02,1.696611576885090344e-01,-2.335049965245633019e-01,6.368767952540671518e-02,-4.201446302688802842e-02,8.934844928318208535e-02,-4.510043675563789323e-02,-7.180321738318877489e-02,-1.171803491109184997e-01,-2.349392899062804213e-02,-6.960461708877810350e-02,1.008904543705903822e-01,1.633865251114135775e-01,-1.053666489562380265e-01,-8.289573610937017722e-04,-9.554857696800972411e-02,-2.481326004195898507e-02,9.096761716585724522e-02,-1.002951264134543663e-01
-9.252225841624271696e-02,2.239111615372080255e-01,-5.851083690185196473e-02,6.031875877460663588e-02,-3.045567138601253457e-02,-4.410429630811343871e-02,1.471880607734709634e-01,5.333487246300613188e-02,1.353677711463047717e-01,1.090306058847644866e-01,1.153174035205472708e-01,2.037736773542717095e-01,2.571572732625576063e-01,5.553646185986085837e-02,-1.025455679974574125e-01,5.994160645997910486e-02,9.518361136068247130e-02,1.065664803471483568e-01,-1.320054696757693435e-01,-9.299237829945811162e-02,-8.459546534188183697e-02,-6.867778926897277758e-02,3.857750775926257342e-02,4.202000669008063016e-02,5.944657715454837454e-02,7.149730655419840597e-02,1.848889058197582258e-01,2.939093977194888185e-01,-1.183101872204376515e-01,1.005077286831057848e-01
-1.138891860117837579e-01,2.380228109475505949e-01,-6.311293878374826805e-02,4.733602393045480833e-02,-2.012153015722289301e-02,-1.127863259577535984e-02,9.853052699918422863e-02,2.251468308644686764e-02,8.252691066634453010e-02,2.936161323409996766e-03,-2.094387106806962912e-02,9.572798528105720683e-02,1.917561954586900208e-01,4.165332403826208646e-02,-1.021520805192701470e-01,9.013367534599707465e-02,-5.933876608369022948e-03,1.196937708583472315e-01,-6.272987245891911701e-02,9.925511651031721297e-03,-8.229854342140430212e-02,1.698504618033433167e-01,1.544143145966284623e-03,-9.134302858719661744e-02,7.115513415778160211e-02,1.203175129414907688e-02,-6.885336726919898120e-02,-1.682763638840738263e-01,2.556221451732711147e-02,4.936896227162067968e-02
2.739223088545024165e-01,7.600179589995413598e-02,2.800421939892247525e-01,1.901753533657844081e-02,8.541749703271264704e-02,2.268126351744218783e-01,-3.556794849947719772e-02,1.535530844369697445e-01,2.032340686863770562e-01,-2.911151205027164360e-02,-3.210470245874795792e-01,-2.150465170771894974e-01,4.616332719683593350e-02,5.313875252195200682e-02,-4.018672360747220229e-01,4.581138978119893290e-02,7.893758108914256111e-02,5.349630174352847101e-02,-1.023648718266089996e-01,1.278869018130790632e-02,9.368566402236763735e-02,9.281038442254843646e-02,-1.739472820156814648e-01,1.334623581364467737e-01,-1.884876767236286776e-01,-8.488676893293062298e-02,4.107957031647538337e-02,-8.420663001710269879e-02,-1.669422051851415234e-01,-5.567588061310090736e-02
2.435243642787043861e-01,7.500846939328853491e-02,2.207111013110691911e-01,5.875706377403277364e-02,1.082762128176081584e-01,9.598687304672345877e-02,6.025949933693488907e-03,2.418853619138905398e-01,1.156283868706544787e-01,1.241697541503334196e-01,1.544881351999866093e-01,-2.126177145147707670e-01,-1.683828630423092262e-02,7.489339671934601428e-02,1.485624545500426053e-01,1.651385548202477793e-01,-9.446105713925197211e-02,9.306041196150463546e-02,3.516649369052716328e-02,-3.843634437886579713e-02,4.961172444814421212e-02,4.725469613330707946e-02,5.825229988751041282e-02,1.736208109428603596e-01,3.419650036310945343e-03,6.863936972373668732e-02,-1.385050730466537428e-01,-9.503657256205956527e-02,1.259597914282064857e-01,1.476375359637970286e-01
1.836684767207774349e-01,9.328592873142763087e-02,1.946959274547269414e-01,7.632636801173083019e-02,1.382531068904860050e-01,1.037243791794692643e-01,1.809485508243436486e-02,1.205427345065021444e-01,7.267359053472999264e-02,2.186038287617103892e-01,2.828871966859192177e-01,-6.440172901534578498e-02,2.084107480809828036e-02,-1.641906619366359163e-02,8.225663525095587569e-02,2.163154985670465991e-01,5.026117612135788670e-02,1.455568403708487057e-01,1.212096015353461564e-01,-4.798553367914026066e-04,1.726761360576450077e-01,1.050133765608764896e-02,5.537051780606933558e-03,-4.195834532550086343e-02,1.474770318826862936e-01,4.557962560690580200e-02,-9.654865066488134417e-02,1.179747176507464634e-01,1.212950514845352948e-03,-6.200172422892543528e-02
6.224486162955010504e-02,1.484727630681906552e-01,1.166858083405062640e-01,2.892350314969658123e-02,1.766804658047760046e-01,2.466983498540509245e-01,-1.808290181298995505e-02,-7.816443863284258664e-02,-8.006463681508997621e-02,2.546802803464197074e-01,1.983014119165119570e-03,2.055922347513703952e-01,-6.966813125442911092e-02,-1.388869166908717201e-01,2.048948544467422417e-01,-1.262544426210278348e-01,-1.677052295116700786e-01,-3.497945922918483524e-02,-5.908789108406567459e-02,-3.089712966680814299e-01,-3.645817334649769509e-02,3.468823102456536356e-02,-4.143665087080289355e-02,-2.256060954036608057e-02,-2.324214967897759165e-01,8.259698750396275713e-02,-1.606022258113604453e-02,2.134796275245830766e-01,1.611258430996333202e-02,2.790223887074857329e-02
-5.316001824620349148e-02,2.035401217020856024e-01,6.482997653379139746e-02,-9.376581318870647053e-03,1.678201779754937839e-01,4.242648340158612363e-01,-6.930043383526204859e-02,2.493709168547553895e-02,-1.997621381186233391e-01,-3.212043961070354392e-02,-2.044250710041177199e-01,2.245732893134967309e-02,6.904265201829501430e-02,-6.083336302475950141e-02,6.280064341518329374e-02,5.262878889181891312e-02,-6.455150363461088781e-02,-1.787332711302828669e-01,-1.063910827102790835e-01,1.844314968269373800e-01,-1.158691135490925034e-01,-8.782893911818821786e-02,6.688497181282999915e-02,-6.990899095105163052e-02,1.132780308581573525e-01,-3.424927339057338288e-02,1.920039698181884580e-01,6.588360946076135538e-02,2.399570860387667259e-01,-4.045641092744114292e-02
-2.398040142479725828e-02,1.972181537715666511e-01,7.615630145361568237e-02,4.114430449629696840e-03,1.577308664056064902e-01,3.989165552783668911e-01,-3.449042784699699049e-02,7.452639561012408889e-03,-1.373727052598223697e-01,1.860489160963623573e-02,-1.358146675653308655e-01,1.952239866121074918e-01,1.434842475888337132e-02,-1.306769681319678300e-01,1.696005098389095260e-03,-1.214069566159624441e-01,6.726954294773497545e-02,8.081258552203066103e-02,9.796436102086215902e-02,1.477613033063523984e-01,-1.416119382333099440e-02,-1.818464897311667782e-03,1.130490861375005596e-01,-6.666264491552639782e-02,2.236478825629695522e-01,-4.867445556456255484e-02,-6.681639914533961389e-02,-1.331439643206505929e-01,-1.301985501745056839e-01,8.282836501611894053e-02
9.534002912419163589e-02,-2.048036111545031932e-03,2.294024770828004267e-01,-8.637531915221418125e-03,-5.582246513119647896e-02,-7.830463200131738966e-02,1.100836918562643138e-02,-1.480241094123547693e-02,1.833888507373463705e-01,9.886186160815688129e-02,1.902570576892265164e-02,1.348622688683168494e-02,2.953938445930611237e-02,4.440158753456047158e-02,2.655240811498365064e-02,-2.125926659060392021e-01,-1.779167354443809690e-01,-2.011213874796195233e-01,2.999467703370275323e-02,1.571944602804449531e-01,-6.847922995609102836e-02,-1.433196500675107676e-01,-1.115373109778109301e-01,-2.315660863908373113e-01,4.607942225936625252e-02,-6.684642586827600763e-02,-1.185088009813670684e-01,-7.238398869373036115e-02,-7.790248737706480242e-02,4.954492467056625937e-02
-2.212291804160006550e-02,2.416293203388390765e-02,1.770663406613182944e-01,-5.611260595436209919e-02,-5.321640380327426201e-02,-2.547276452466284286e-02,6.216816614803524071e-02,-2.654230760689203494e-01,1.844669186028781958e-03,7.129880338856232902e-02,-1.252101499528502325e-02,3.915389295387972091e-02,6.009998637956971007e-03,-1.491821695969829456e-02,-8.380014063988550088e-02,1.315221364163066120e-01,7.895272260610580739e-02,-2.594432212301483326e-02,-2.867978950134976723e-01,-3.199945492781477996e-02,1.165512114682562272e-01,-2.263564138454869923e-01,-1.161484684121878441e-01,9.945894710462294119e-02,1.123532838857396188e-01,-5.321850327236846839e-02,5.690154202335834070e-03,-4.500965984468355968e-02,5.912964323815710771e-02,2.332749254624559010e-01
-1.488990318825187675e-01,7.722779327333667565e-02,1.324893565446926824e-01,-8.396447508440173235e-02,-4.872945641389699739e-02,8.692224656072318478e-02,-9.905004255677224423e-03,-2.738679809059688663e-01,5.469732379316823850e-02,-1.125588788793613765e-01,5.643424435586668481e-02,-7.977725703324713147e-02,2.239090099387032809e-02,-4.345984754468682626e-02,-1.644096966836742779e-01,1.095377760307090706e-02,-3.368676268411738839e-01,6.226856277825074809e-02,1.036092739721807682e-01,-1.285143901041475023e-01,4.207739329118758559e-02,2.326814664180062997e-02,7.828797067199006962e-03,1.148520632762512483e-01,1.246929317977298335e-01,2.197882269205830852e-01,2.115364469505937317e-01,-1.229457126799136241e-01,-1.976504835201272070e-01,4.383813909489941985e-02
-1.065275672358868553e-01,-1.175578112170579115e-02,1.640579635815808957e-01,-1.014590374558852898e-01,-1.581340288501082159e-01,3.971099269572208462e-02,1.155856324347049324e-01,-2.483846728210301058e-01,8.247769009319200206e-02,5.773779535910707195e-02,1.678421680829043916e-01,-7.372927736671729126e-02,-1.121214314436815007e-04,-9.902057939184530366e-02,-6.278843819190720044e-02,3.564153267962746202e-02,-1.469309550823306998e-01,-3.350912340037501269e-02,3.868170475146180849e-03,8.273045156955281809e-02,-1.059260384732065435e-01,4.094524098727924527e-02,4.799453515378834106e-02,1.279221405218293750e-01,1.849066770433672735e-01,-5.059924137121949578e-02,-5.424006055211018362e-02,6.585843702755403428e-02,3.107597773959638876e-01,-7.530869260013603461e-02
-1.315741190376358560e-01,-7.239949053160704001e-03,1.466518003738707387e-01,-9.942780236226053669e-02,-1.875770102316941246e-01,7.456524046168226671e-02,-1.021229816161036384e-02,1.968953385903265615e-02,2.474652360090894010e-02,-1.835777562105035399e-01,-8.024116125901119365e-04,-7.989422945914294305e-02,-1.769617478394543489e-02,-1.466403211912801208e-01,7.733139812747655273e-02,-2.599854660754009547e-02,1.487482956078264584e-01,-1.889616319834665492e-01,-4.089871192606812228e-02,1.078966826189621531e-01,9.940945974144467512e-02,1.707965438587800977e-01,1.218249910941595904e-01,3.720629501710822490e-02,-3.600554993338282717e-02,9.573882700831644332e-02,2.270519996270586524e-02,6.067102706249072330e-02,-3.252449737665234764e-02,8.421535622950375444e-02
-1.396385376631623931e-01,7.567695566616995662e-02,2.941036472518287342e-02,1.295524572472903091e-01,-7.585881008832844052e-02,1.589628240787988034e-02,-8.780588901229563828e-03,1.001230680493001013e-01,1.330253512836039875e-01,8.699850451984243727e-02,5.512531614884255693e-02,-1.276915433975937264e-01,-2.307437958165727693e-02,-1.827138046024158469e-01,-6.711150162859053081e-02,-2.083183663448860135e-01,1.233505938364509204e-02,-5.159174323963613626e-03,1.168004659427582595e-02,3.457129711684207157e-02,2.243300458301379086e-01,-1.472460803108456007e-01,2.289295565050271097e-01,-2.463568069451492482e-01,-1.386761231643828807e-01,-9.217960179235047680e-02,5.905530661233367867e-02,-1.286995236282463019e-02,5.364704619040782697e-03,5.594896841409258137e-02
-1.516886778644836453e-01,1.038196575196692478e-01,4.318155396765564584e-03,9.726894701269306331e-02,-6.276825429736243578e-02,3.323312197949753605e-02,-2.932538597082523339e-03,1.426408656907831030e-01,8.968185961339605883e-02,1.472168742871575280e-03,4.313874270640803005e-02,-1.115179521403740909e-01,-6.359321724940716902e-02,-1.882727520643713293e-01,8.005903174042217074e-02,2.188395050781208676e-02,-4.312068346959038734e-02,3.999199174044321126e-02,-4.582675374276926061e-02,-4.020123141460693605e-02,-7.360984187107949550e-02,-4.899170070630766427e-02,4.716184434978331480e-02,4.776795309515665180e-03,3.456443970469267879e-01,2.013819064092663494e-03,-6.649847905923315927e-03,-5.630809094369999823e-02,-1.691390829698773968e-01,6.953985166280290953e-02
3.596140755962336406e-03,-1.322945697373245910e-01,1.308886650319747991e-01,3.100334642175372468e-01,-6.001615009445633586e-02,-6.693124205236935902e-03,4.108860913487512312e-02,-1.748418308061757687e-01,-9.229654814120462347e-02,-8.577919402033171159e-02,-2.710347294510769833e-01,-1.227581464035022857e-01,2.354556209597225280e-01,9.588315339494610234e-02,2.546250340272755430e-01,2.448010887527692359e-01,-5.605138040272329009e-02,-3.046694197741004265e-02,1.238069242385722579e-01,-7.045309700906149126e-04,3.724077074156770251e-02,-1.333261178511496725e-01,4.761023691226598520e-02,7.132847446258834545e-02,-5.752873004947497287e-02,-5.541633311723137556e-02,-6.636991498859952376e-02,2.638406413772121373e-01,-4.612351282817573478e-02,-3.067460704112455472e-02
-3.906885519049805439e-02,-7.507961962048671778e-02,1.058348392928160631e-01,2.625799922380168683e-01,-1.846771430806704722e-02,-2.158519373244500647e-02,6.832286213790285390e-02,-1.938725960735801224e-01,-2.544150149138241571e-02,6.683999942880050615e-02,-1.559968829789879496e-01,-5.641640914921935979e-02,1.451366282295088461e-01,1.443625954651034729e-02,-3.803163919125519127e-02,-1.100084238263431963e-01,1.934610624208626950e-02,1.529446796456624402e-01,2.640256894273717569e-01,3.882566088878579291e-02,9.153776609236821682e-02,9.275080375789028497e-02,-1.098267029581956322e-01,4.218140692616127729e-02,1.151220566919372162e-01,8.601054197256277623e-02,-4.659231257960711609e-02,6.138283693744207153e-02,1.346480671476020519e-01,3.393435922648130321e-02
-1.150621795821565735e-01,2.721618225839402341e-02,5.739459916216442525e-02,1.581408390798788588e-01,-3.007005160586636097e-03,1.938108980219428734e-02,-3.573297341666301086e-02,-6.897800394432984650e-02,3.129764862574415524e-02,1.899636465882508507e-01,1.893640978954747034e-02,-3.290314771437687080e-02,-1.276607522705629494e-01,-1.012980650265329630e-01,-1.089556325264915970e-01,1.434007686920474034e-01,1.236672631314117698e-01,-1.464487127104585791e-02,1.909805991570040495e-01,3.211919188917322643e-02,-1.284973903441162246e-01,1.551429214986753402e-01,3.309744458362205710e-02,-1.996639222292122817e-01,-8.148663897444430315e-02,-9.654630319010157335e-02,9.688436342445375798e-03,1.418105177768369529e-01,-8.291378010012503963e-02,-9.664265453055405700e-03
-1.354538115033662171e-01,6.881551892396933767e-02,2.936847879007857542e-02,1.065412319701740107e-01,3.273558024623788882e-03,3.497880348804682099e-02,-3.042694600384012946e-02,-3.230025257351152451e-02,3.078339873649820965e-02,8.337866451544642676e-02,8.599808989647558799e-02,-1.048043233688263492e-01,-2.492580567637121824e-02,4.147553521721755732e-02,-1.211893509838472133e-01,-1.205238947416481798e-01,6.136209476354616450e-03,-1.821325155472585111e-01,-6.315399657025597135e-02,5.017314973056491434e-02,-1.662574834922291300e-01,2.080407633018103650e-02,-1.308053943190739810e-01,9.776885498742786396e-02,-1.072575429578776496e-01,-1.492222965124858081e-01,2.149479155325717816e-01,2.048976893859926277e-02,1.156811374409541932e-01,-5.728254916318679946e-02
1.194780647740291274e-01,-5.420352400395706677e-02,1.579835568246401312e-01,1.978586698465101268e-01,1.368595893370254946e-01,-1.357138869399411307e-01,5.923839962251146313e-02,1.415145301987816018e-01,-4.986701634163614311e-02,-2.406340380195774176e-01,7.433765774548330152e-02,8.811315068943473272e-02,1.319043356767719277e-01,1.592339477724867211e-02,-1.126015054179334562e-01,-8.280378518160931567e-02,-1.286303831882613380e-01,-2.126072859446621333e-01,2.553988383139235707e-03,7.539592970260086680e-02,-3.569159105884527755e-02,5.269626628709060678e-02,-6.061183687565716016e-02,1.212015568907155207e-02,4.331885508239995131e-02,-5.977482064892788993e-02,2.598943166973277097e-01,-6.934864268431536333e-03,1.025771489143093573e-01,-2.196515594529089288e-01
6.912022139331355786e-02,-1.176130373345143595e-04,1.193328183400832743e-01,1.500125256711228872e-01,1.857774269315209670e-01,-7.689611688425439240e-02,1.456193292099232373e-01,1.858459962979462643e-02,5.243253518664667961e-02,-3.135656754369988697e-01,1.436694909310656798e-01,7.369692380782730257e-02,-1.441173323968733821e-01,-9.588018879807071182e-02,1.175816917828371444e-01,1.714882682872075348e-01,-1.303136813266757010e-01,2.335951209438179993e-02,7.613228778959693632e-02,2.719716955094397814e-02,-4.994975029407511952e-02,2.127893827703017382e-01,-2.141369452222698089e-02,-3.389929401270296364e-03,-4.627894082764118927e-02,-4.967272723073326568e-02,2.697776758414606804e-02,-9.262061428289489196e-02,5.202392719949033156e-02,1.641159022049450134e-02
-4.631956992994620131e-02,7.905727681801719142e-02,5.896317654629500832e-02,3.335904434099545152e-02,2.286939628685698556e-01,5.202293931290538631e-02,9.288437576763212966e-02,-1.820180269992900113e-01,-4.832767114352696548e-03,-2.371399899593973348e-01,1.892432926920324110e-01,-3.050130253131237701e-02,-2.130907246267699506e-01,1.047609114276359422e-02,1.849681265790303342e-01,-2.624542349317712242e-01,2.306158543749158019e-01,1.562059365192366711e-01,-1.502981270870131641e-02,4.098740472615922115e-02,2.291591378566114057e-01,-1.396982591040658861e-01,-1.210718927958371605e-01,8.709636767971659643e-02,-2.138985589833020395e-01,-7.204589123316718080e-02,1.953062604088693158e-02,1.765507055508613171e-02,2.744537968457700337e-03,-7.039515910713804725e-02
-9.204570308383541732e-02,1.077585087566785282e-01,2.553191313307642124e-02,-2.554283109697566209e-02,2.199772730936484233e-01,1.356872383533324622e-01,3.393476856735178765e-02,-1.483870141714957180e-01,5.672868553682671594e-02,-1.831695453731060907e-01,1.341890404381229640e-01,-1.941975489146631761e-01,-9.321230993901905015e-02,2.175731778118961401e-01,-3.567863503570253315e-03,-1.412106288647427543e-01,9.777120397153721276e-02,-2.298841389904011587e-02,-1.540755879852022669e-01,-8.915367548684395571e-02,-2.227482893876134573e-01,-7.228294780553962129e-02,-5.026622173973861046e-02,-1.551818971543587021e-02,9.262521468338737185e-02,1.304933252580802727e-01,-2.787116881375686916e-01,-9.858264540725865388e-03,-3.322588839548610423e-02,-1.317142596705104807e-01
1.092332765821419777e-01,-3.399418476707390113e-02,1.755699540173843443e-01,7.587169849586181125e-02,1.240539824985084222e-01,-8.253357505192873700e-02,1.777702353070822194e-01,1.175407992664391638e-01,-8.776804189263968936e-02,-2.038155036012514465e-01,1.404222904193463684e-01,8.759938695204446193e-03,-2.281608596975310405e-02,9.805987245520748907e-02,-2.109195886264941255e-01,3.623121564074748696e-02,-6.135227696999959873e-02,-1.416748801978612027e-01,1.745530981890102556e-02,-1.501314732987308331e-01,-7.883717960410945025e-02,-1.897660821488184602e-01,1.744765854326996435e-01,-2.579467149949810634e-01,5.707446653032018785e-02,1.442230729788136490e-01,-7.003772659849309690e-02,1.424603156392214853e-01,-2.935078885449177513e-02,1.119379683462388003e-01
-1.165777826725878513e-02,-1.775453928457478708e-02,1.582474869838840226e-01,-1.387778332528990036e-02,7.403265727652065531e-02,-9.861567821195466044e-02,2.122393491937480947e-01,-1.319012155347044357e-01,-6.862318816272251765e-02,-6.093209549655353996e-02,-8.507312937273860121e-02,4.827811071825546113e-02,-3.745473709708058846e-02,-1.425388233680649486e-01,3.739138321606164106e-02,9.660684992888272926e-02,1.335679090831814742e-01,-1.140716113594924253e-01,-2.031036816780975585e-01,-1.275337567985027065e-01,-7.388840924462299065e-03,1.460219909287809870e-01,2.366004589971795746e-02,-3.849084389956544932e-03,2.036195117054701853e-01,-1.176152163319865440e-01,8.613392306155702449e-02,-1.924617231355321978e-01,-1.739592209597655981e-01,-3.372722787462856253e-02
-1.085786241031680421e-01,-4.301808490409762126e-02,1.675322460069519903e-01,-1.316384955929358336e-01,-1.419362706047228306e-01,3.551184050946897680e-02,2.415761457416359115e-01,-7.548336627259800979e-02,7.522998805196511041e-02,2.099309506182757690e-01,1.859022674502761388e-02,-8.120131065729752073e-02,-1.584623772436186129e-01,7.601747569601743221e-03,1.293525692153452145e-01,-1.116908965292947448e-02,-2.293504364405994367e-01,-1.318459665641153467e-01,-1.676962268570579215e-02,8.238226220150077217e-02,-2.850878227114036351e-02,-6.717837004659248101e-02,-2.771726491587262614e-02,-4.346987416553462803e-03,-1.249208433137471846e-01,-2.250431300030983350e-01,-1.003957550542004529e-01,-5.858140522899385472e-02,-1.425888963146123012e-01,9.607841737566340896e-04
-1.146635371179265533e-01,-6.478252212426154066e-02,1.548358665644832821e-01,-1.330763849649362618e-01,-2.346389107248298689e-01,1.251349760342448658e-01,1.695517154064722642e-01,9.702180703649648796e-02,1.546984040955143858e-01,-1.500714624033720468e-01,3.055671087479026014e-03,4.809745753967118592e-02,-7.481863124083996952e-02,4.245565900098630802e-02,1.456735109081157831e-01,1.639203869780123668e-01,-2.137478404494638426e-02,6.063872644385620569e-02,1.033706597696015667e-01,1.073006424539423992e-01,-1.028045883202292482e-01,1.279361015082810527e-01,-1.689720808254616680e-01,-7.285765795310017445e-02,-6.681416159179344449e-02,3.286396290594886110e-02,6.130450106955025874e-02,4.484322386485102563e-02,4.977562427000952437e-03,6.595324278381961558e-02
-1.032698423242197627e-01,-1.160367864808339311e-01,8.534490699351733600e-02,2.751580653698897927e-01,-6.397626477884837959e-02,8.176108362823066369e-03,5.768443173372850979e-02,3.218730096789146344e-02,-1.677995101311652859e-01,-5.025834690969079336e-04,-1.257733635607966860e-01,-1.292987527112850702e-05,1.034424761658657987e-01,1.844560167020141694e-01,5.113269917328407133e-02,-3.946348079512505824e-02,1.716582362963963923e-02,-6.472386151431341883e-02,8.789894526077135506e-02,-1.037548972603510172e-01,3.458090026934580730e-02,-2.038480016923900906e-01,1.230094343258223977e-01,8.083891176470761608e-02,1.108023677296742643e-01,-4.936985256459990729e-02,-1.055973220408689961e-01,-1.023790283994408523e-01,7.518525472948994759e-02,-5.658615902562978001e-02
-1.743007676726041344e-01,-3.268786759737508929e-02,5.262502125239873485e-02,1.973927929066206510e-01,-6.464194344277270077e-02,4.228182038073258209e-02,-4.385083776984474713e-02,2.885275557044284650e-02,-1.117591083121026591e-01,-4.081152498793546614e-03,-1.667784925764118423e-02,-1.461091472368250821e-01,5.737293179486700756e-02,-1.707642450499209999e-02,4.777234232792640367e-02,1.640218180860374348e-03,7.098654410045206198e-02,7.913703489775740507e-02,-1.921132046944550864e-01,-1.388678038764352141e-01,3.532622484342568675e-02,9.548781406689536844e-02,1.342711074776637981e-01,-3.593745095842357240e-02,-4.969650763360207446e-02,-1.788458527485743688e-01,4.594269471391763948e-02,3.591084194383523109e-02,-4.991810836398543477e-03,-6.291262788703533282e-02
-1.767182515390333386e-01,-1.542960893773120848e-04,4.015078619660712028e-02,1.613834244620361291e-01,-3.972130975581246448e-02,2.883201677543434718e-02,-4.427451033508263134e-02,4.230888173974412664e-02,-3.787845377411613867e-03,-1.745754155003467062e-03,4.869211752972366775e-02,-1.783275151591750540e-01,-4.546570809687206643e-02,-4.913311310859863612e-02,6.897452860873243274e-02,-3.583709941135410516e-03,5.762018786717556379e-02,-3.635055219015941724e-02,6.711479296179775900e-02,5.514340491074860851e-02,9.534404975624177769e-02,-2.330463847501478697e-02,-5.057316274767693909e-02,-7.939352130824806064e-02,1.069923644584755695e-01,1.794272926614380592e-02,4.835227064415428821e-02,-1.488744698141115097e-01,1.676379314979418444e-01,1.355935607994764036e-01
-4.700176329185703356e-02,-9.345244144685203869e-02,9.337150015648205958e-02,2.743607482114421292e-01,1.569214247814909244e-02,-5.058199620915785483e-02,1.041200078325644762e-01,-9.678276255862275357e-02,-4.166134678170074074e-02,8.581819719462152607e-02,-5.029255470648540116e-02,2.060312141274348030e-01,-8.199373670096403097e-03,-5.651058613865048152e-02,-1.494662593291501140e-01,-1.148928601187174658e-01,4.365365528984477966e-02,1.957822355791143665e-01,-2.438678916738749869e-01,1.136980977804423198e-01,1.883924646216882798e-02,1.477189385029185342e-01,3.559033464355658167e-03,1.816033307719762402e-02,-5.939892783009272093e-02,-8.235381334456639418e-03,-8.578471015796618193e-02,-3.988221213740058418e-02,6.673573704778751337e-02,3.582164048150784236e-02
-1.332468314637397511e-01,-3.201368284070073983e-02,4.415764254278538997e-02,1.539458953510308703e-01,2.336981355111527464e-02,-2.084286268325493199e-03,5.724076094087100774e-03,-6.025782108582856955e-02,1.192720393172457399e-01,1.089690091662672972e-01,3.077783138896693360e-02,6.085119961900645885e-02,6.290523475504762596e-02,1.095452993277126058e-01,-4.499219491881963073e-02,-3.487520720060596768e-02,1.514352237325471973e-01,1.647019128431825019e-01,1.046995224808763836e-01,1.055214500255872295e-01,-1.512624256950225732e-01,3.596078675074437705e-03,9.481202897288314169e-02,-1.479202793868738819e-01,-1.122451828776346305e-01,7.951061931574360253e-02,-2.408618584723343226e-02,-2.999036221321826901e-01,-1.154751053832635405e-01,-1.550637444176236786e-02
-1.633858212516183794e-01,3.286266152203916931e-03,2.890185435061341443e-02,1.101614960282415595e-01,5.610121669019949020e-02,-5.906182540136626670e-03,-9.462609501188164185e-02,-1.247896336578573247e-02,1.534587025195646159e-01,9.746851664549660565e-02,5.166577582356661480e-02,1.076248611130272217e-02,-2.135752017098899447e-01,1.650620321136987423e-01,-1.071647154841633420e-01,1.679099901089301239e-01,5.517946969051767958e-02,-1.625609856800889208e-01,-2.108651587364620827e-01,-1.695893091839620614e-01,6.483980222067613208e-02,-3.685293925782865548e-02,-2.503876089206708705e-02,-5.068142413386654554e-02,-1.057782520579566565e-01,-7.084277496543352432e-05,2.381098628909021075e-01,1.026129498396079892e-02,7.216015263817693315e-02,2.119456582270197176e-01
2.195411794135058992e-02,-5.497250728182349194e-02,1.010915989229949213e-01,1.076140723063160470e-01,1.763594428758581412e-01,-1.751154112722339284e-01,6.684144808196962328e-02,1.839774772485959498e-02,4.298847051793465435e-02,-1.193198484639653723e-01,6.905878789796739137e-02,2.510342505040701333e-01,3.189434389477770887e-02,-1.787805034649007918e-01,-8.186700104607629036e-02,-4.005057994501526331e-02,-3.615743434628198444e-02,-8.712309234371323763e-02,-3.269743272831168029e-02,6.335337996402058691e-02,1.091253807047708607e-01,1.621778999008798572e-01,6.405525638031665803e-02,-9.136863947997898860e-02,8.976164005283145120e-02,-1.279195131153696707e-01,-6.894063541993325495e-02,6.473294213827049393e-02,-3.303323773390764301e-02,2.515684646610932274e-01
-1.262923697129224587e-01,3.363271603777401308e-02,1.751469565620899713e-02,-3.988557443127374591e-02,2.422172173776417359e-01,-8.440168816827332832e-02,1.791507953047015433e-02,-9.075119654165281213e-02,1.068402844706370508e-01,-6.890631869758637174e-02,-7.412997125528048015e-02,6.478907344053508018e-04,-6.309895552596271086e-03,3.644692514068396515e-03,9.343662317000112072e-02,1.089444524107879980e-01,3.924183490886307829e-02,4.879751918337913580e-02,-1.104224021730583205e-01,1.010577397290279011e-01,-6.145448029443160293e-02,4.723312446524713382e-02,1.865218943136361107e-01,2.081161225138619397e-01,-1.541090369759237078e-01,1.694739182727309224e-01,7.513154485964082530e-03,-3.720833371953663482e-02,7.079649288661915563e-02,-1.583457413032898498e-01
-1.564189915446626555e-01,5.133063184380164123e-02,3.728164524128393855e-03,-7.001167118420022206e-02,2.427724954121759371e-01,-4.490308346565796693e-02,-3.151466976001923281e-03,-1.153670035961836954e-01,1.189587451987842576e-01,-1.950180017023069312e-01,-1.156815162114056689e-01,-1.727975917526518301e-01,2.211555135602064764e-02,1.457233455007808653e-01,6.526687061617063301e-02,-7.891265575111007513e-02,5.805746562289753471e-02,7.658999112931673403e-02,1.167090543355089743e-01,-9.217905419677466239e-02,-4.860511985265637824e-02,-1.249955718187116954e-01,6.824568568441708241e-03,-1.932738380664725947e-02,9.631068610989275414e-02,-1.514295319153913799e-01,-5.014444766524708136e-02,2.540495511961935338e-03,1.277783653723472794e-02,2.532845600676076336e-01
-2.044640199209116216e-02,-2.744734597312985941e-02,1.261032548478422111e-01,-7.622761239908792952e-02,1.635449878664829437e-01,-1.813389403713333847e-01,2.468622720395353687e-01,6.077275535322363559e-02,-2.060417700252988316e-01,1.246171114335514196e-01,-9.720427859441434226e-02,1.055426201252012558e-01,-1.171767504343438140e-02,-1.944925768601883653e-01,1.441977407365206167e-02,-9.116754171124769046e-02,-8.624248109502521964e-02,6.506117857298410190e-02,4.458294666842973347e-02,-2.460214880885542525e-03,-1.018510711290996767e-01,-2.398382885398881725e-01,-5.828093012493559821e-02,3.717905445502948242e-02,-1.461597557189963092e-01,2.386093643679820242e-01,1.424853462248271314e-02,-1.774305582853545615e-02,-7.511917703921833223e-02,6.789928445459900153e-02
-1.537416462550681706e-01,2.946920384103147994e-02,4.903194488948790786e-02,-1.436487782007412617e-01,1.451493582666284199e-01,-1.215192714118127071e-01,1.794051150404300798e-01,3.268225860038902978e-03,-1.675628401327316219e-01,9.731271565836614734e-02,1.875574346240416537e-02,-3.149062351794286174e-01,-4.010494986081378221e-02,-1.178302151622475646e-01,-9.005829097124691540e-02,-1.245178842918547579e-01,1.316679161507542661e-01,1.824990304678987627e-03,1.988532998699980292e-01,-1.439751817932272693e-01,-1.497480911403573436e-02,2.858308956161093595e-01,-5.814293126149511909e-02,-5.433970738132268968e-02,7.315979685507381647e-02,1.770003203981952711e-02,-1.180741068619147252e-02,2.028851584455971246e-01,-9.284032639329625747e-02,-8.124871883749686108e-02
-7.955098012207675873e-02,-3.151319753646161792e-02,1.417822918034712942e-01,-1.526519185012399360e-01,4.369490225747230810e-02,-1.186695989917687932e-01,2.386582738324868891e-01,1.791099923615802891e-01,-1.795178861395200498e-01,1.975370617798360706e-01,-4.570723139374784083e-02,2.520557018549414267e-03,-6.783451728283905642e-03,7.263735008607424826e-02,-8.977987699717386583e-02,-2.532986591876191032e-02,1.400506003657612797e-01,9.374817305185491334e-02,-4.196663875618124318e-02,1.589822821587969781e-01,1.526053520430885602e-01,-1.000593663928558003e-01,-9.259364401673071676e-02,2.345424325486887840e-01,1.058763061541521666e-01,-1.247205945127669441e-01,3.598264310920704784e-02,-1.341723322247103181e-02,-1.213044272645624339e-01,-1.368345837030001677e-01
-7.176454129075413024e-02,-8.790005102703367379e-02,1.872877573436137477e-01,-1.599628044245090530e-01,-2.201489049308157087e-01,1.719100622020026670e-01,3.074977512640914568e-01,1.627144581982020444e-01,1.532123457488943907e-01,-8.123312730075518684e-02,-2.340598685949575597e-01,2.905082139820425180e-01,-1.516431496557428538e-01,2.844957120898741199e-01,5.564081393057045827e-02,-7.140604582112235199e-02,1.635167105557463474e-01,6.608694212206787932e-02,6.511400753231087746e-02,-2.699022688236482614e-01,-2.122721911081593138e-02,5.890433369079518811e-02,1.613183852910815841e-01,-6.216762638562374488e-02,2.788094401396277403e-03,7.940618194796547624e-02,1.596110063954502001e-02,5.898892246983591242e-02,1.474602401934493601e-01,-7.427934236504575571e-02
-1.812100252688422786e-01,-4.391307470998401241e-02,5.373245730290944489e-02,1.978586829557301141e-01,-4.227797645911579583e-02,4.021873744062799683e-02,-7.239122412522981664e-02,1.205742211036875677e-01,-1.091112485863617587e-01,6.901915094585826804e-03,-9.575711337697601425e-03,-5.310463427591770313e-02,-4.731732468329500479e-02,7.821455574471861127e-02,5.482121546517883942e-02,2.073637767627817263e-02,-6.476085153312033382e-02,-1.901878070220572592e-01,-8.309122340312991017e-02,-9.875146921381919296e-02,-6.064319876718713559e-02,2.270383533655997640e-02,-1.525977703080489412e-01,1.074161388384264337e-01,9.643567386798508612e-03,9.057363185318220711e-02,-2.006085736475879747e-03,-7.420865431026606174e-02,-2.088989262013857540e-01,-5.514500752525455102e-02
-1.597752336609087886e-01,-6.731763330490488084e-02,4.406689697642888343e-02,1.950444590351350926e-01,-3.872762471009100205e-02,2.388543751886583813e-02,-5.519291216682334356e-02,1.341046311433491678e-01,-6.177346173635912818e-02,-5.316758280566804412e-02,1.132427008681701104e-02,6.055318505945447155e-02,-1.557494427834217321e-01,-4.386328983839824641e-02,6.730049239965964214e-02,-5.212291875714696043e-03,-1.433620002748546840e-01,1.930058637994907511e-01,-1.634956303705053515e-01,6.013879160677746034e-03,-1.074152648264968396e-01,-5.495252996312577354e-02,-8.549645863333789342e-02,4.724418268339797972e-02,-5.793570916910250473e-02,1.217839867088595235e-01,3.221387095539644113e-02,-5.904727947807273530e-02,-1.514584554033212294e-01,-1.360286341103116581e-01
-1.757871693546776415e-01,-4.048652286887838986e-02,2.991912537610390277e-02,1.674565177239695501e-01,-2.497826134841151305e-02,1.967424464515169988e-02,-6.692532399431685985e-02,8.899219030921833029e-02,-6.261071444853603951e-02,1.577981266801870702e-02,-1.728083093201589898e-02,-3.152649811616754782e-02,-1.784641107634003798e-01,-1.124031965696946703e-02,1.056166218618582731e-01,7.750857320579024323e-02,-8.700997891006516383e-02,5.716648675498138543e-02,-4.314342004786034940e-02,2.284613259433077026e-02,7.127584364877975753e-02,1.180473870732421243e-01,-6.742272934762222336e-02,-6.044719045375059052e-02,-1.436177299442311928e-01,1.092238235818535907e-01,-6.189393364729427888e-02,1.046896239877199014e-01,-1.271800468812517015e-01,1.263060326016785806e-01
-1.321423584813208318e-01,-5.031090986792272068e-02,4.256052332252303200e-02,1.244530614507123045e-01,5.659039373390758326e-02,-3.917983804058854103e-02,-5.703722385417257790e-02,1.011240443556100932e-01,1.456049662008660484e-01,1.280210185528893596e-01,-3.688459547162410007e-02,8.704424426399573478e-02,-1.580178820372798720e-01,1.223821467702293931e-03,-1.755724414793310428e-01,-9.359747593506398400e-02,1.500766024472089399e-01,-9.011562966746999859e-02,1.530584721740750331e-01,2.266069592364060303e-01,-5.145686395154751985e-02,-1.555812342822028745e-02,-8.783745941540389846e-02,1.001242708642175877e-01,7.898850125719400483e-02,3.249059402333699387e-01,-5.501551076342214852e-02,6.431662842705508643e-02,1.873081740238205783e-01,-5.860399620229822526e-02
-1.692612413898861856e-01,-1.969033714727194684e-02,5.094655449699348089e-03,4.023239009773216940e-02,1.251563189237706319e-01,-6.168560085382419206e-02,-1.738410280551001552e-01,9.908649304824262982e-02,2.169012684253998624e-01,6.775996006812096129e-02,-4.678165997059207520e-02,1.769795175226715755e-01,-2.263030398896232753e-01,6.520032428180018436e-02,-3.464889179000351510e-02,4.404965722430960462e-02,-3.596893958564934685e-02,-9.733563528078151283e-02,1.051246402739572650e-01,-3.552720240747780315e-03,-3.056867370568611478e-02,-1.403206740492625171e-01,-1.069236939766077671e-01,1.826410084654182531e-01,2.197380401188555876e-01,-8.072228077746015917e-02,-1.607072137137645074e-01,2.990862958886625345e-02,-1.487932863955001607e-02,-6.531176310135630714e-02
-1.656043040909980779e-01,-2.130739837805524853e-02,5.164140694994011132e-04,-1.153921282002315779e-01,2.550830784353948499e-01,-1.318773926679335795e-01,-1.227456354791529869e-01,1.626406724993044450e-02,2.449581190132272546e-01,5.625284310792799669e-02,-2.518657435298781722e-01,7.331408786060482352e-02,5.840627934966952095e-02,-4.554500446379660533e-02,3.361933175421294787e-03,3.566873831298343015e-03,-2.338805167015846065e-01,-5.479231508654969218e-02,6.570128558978426125e-02,-1.408105153710916546e-01,3.246249187901820155e-02,1.161634289934322523e-01,3.237753911933748396e-01,1.714810531293994161e-02,-1.239304249548121434e-01,-1.830274767428073657e-01,-1.159774329604828791e-01,-6.473080100011609217e-02,-1.568850384285235336e-02,-1.526413290516618337e-01
-2.042628034568012840e-01,5.927545232647143947e-03,-3.382841775594068456e-02,-1.354923230526358102e-01,2.436849540579971163e-01,-1.257851773522158378e-01,-1.125330658778577464e-01,8.702984982826897364e-02,2.028660448533403382e-01,-5.197803159271810469e-02,-1.980498208705410434e-01,5.032317669242577368e-02,8.301651904620439837e-02,-6.414483325708649191e-04,1.428217466009350234e-01,1.850747354695716773e-01,1.632137614041721113e-02,1.562510597002189638e-02,-3.711995605808513215e-03,1.210460378204471221e-01,2.282295280731445608e-01,-5.544668253829458660e-02,-2.176826419689541769e-01,-9.079337699069371659e-02,9.751479817211851364e-02,7.691720639125752823e-02,1.147245151540804975e-01,2.016048230719914014e-01,-2.413543727955571108e-02,5.329976302434843299e-02
-1.615822597364381386e-01,5.879590942457724352e-03,4.737956149350380786e-02,-1.808403037038336936e-01,1.804189159891003980e-01,-1.586564630620853344e-01,1.363361284972566534e-01,1.699149284151900974e-01,-2.129223032058576992e-01,1.883541610495573781e-01,-1.245632373778206292e-01,-2.660694724078402351e-01,7.911061710242582590e-02,5.464262250787055297e-02,4.034767721145010588e-02,1.269169786676730416e-01,-4.011264891176184733e-02,-1.282186063243230360e-02,-1.143363106599288859e-01,1.012689177467040319e-01,-1.320403349140659155e-01,1.591198556603460462e-02,5.973558290874792648e-02,-1.657710609007609914e-01,-8.572974341622512096e-02,9.253027438322812548e-02,4.403574798298102999e-02,-1.148859031513634749e-01,2.167766180023015521e-01,1.054100747561672879e-01
