"","x","1","2","3","4","5","6","7","8","9","10","11","12","13","14","15","16","17","18","19","20","21","22","23","24","25","26","27","28","29","30","31","32","33","34","35","36","37","38","39","40","41","42","43","44","45","46","47","48","49","50","51","52","53","54","55","56","57","58"
"1",1,0.111769102282269,0.141494562614156,0.120837869814503,0.155439130425376,0.202030714177844,0.207091549818353,0.200116423652528,0.182065212602606,0.252713130147873,0.171979267733838,0.131873006511637,0.162457624205747,0.19492810947684,0.196724183779752,0.221148907465168,0.192391431329967,0.13822395214882,0.151857380936525,0.196726858897112,0.207594310128277,0.130305711736852,0.126474172272408,0.273193806134749,0.2041762742459,0.190876440264354,0.19927335563774,0.264131920708421,0.148050007378117,0.17215513869627,0.225818116572897,0.204802099635836,0.184219649861033,0.111321223808492,0.0989401146345327,0.119902294929037,0.123423188457113,-0.00384885208833505,0.034742644609462,0.101467739709822,0.0592371671130392,0.0731047707883447,0.165440433556225,0.154696624721932,0.132024191338924,0.0549017259898681,0.104705714228315,0.0996652571680077,0.0886613852026032,0.0122468356175187,0.102721136348677,0.0383778156949586,0.0565073776200348,0.0825777171535115,0.119160478652407,0.0321882380815298,0.0534869164634573,0.0732837115131846,0.0698144593308869
"2",2,0.00729671708199759,0.139336122823419,0.087814153250186,0.0801030341641386,0.0180151591210321,-0.00163922489254854,0.0214242201420609,-0.0310135843580053,-0.0452799716758711,-0.0708810138627005,0.0489552681113366,0.0914847830967866,0.00980565280753383,-0.0296663798250728,-0.0378637155610622,-0.0635721110684606,0.0343052313203764,0.0469470551173469,-0.0129757121906395,-0.0455485127841813,0.02893847343681,-0.0115332388647462,0.332956303681343,0.294641594298739,0.270138179956609,0.234411287300216,0.253707456235662,0.0497368492943275,-0.000309631220623005,0.00572973901603822,-0.0671043302182928,-0.0778110793916149,0.0183370607516209,-0.0152516553811091,-0.0223126259246882,-0.0563888921905777,0.143875010081386,0.163586742454346,0.161324032946928,0.118273137533191,0.0167021297697908,-0.0198467576689086,-0.0864418459893169,-0.11287607156535,-0.0162697864680486,-0.0379055657548265,-0.0459512331522173,-0.0761676626015538,-0.0017504853379169,-0.00867609199424045,-0.0151433928488819,-0.0357234776606192,-0.0844947563033969,-0.0901945328476356,-0.081581048217127,-0.0957601186179887,-0.0812820760085126,-0.108155745552157
"3",3,0.14401599726258,0.184875942050292,0.167898267738719,0.210627650172297,0.165043086670406,0.173790505950561,0.188546730210254,0.125401728034948,0.203344772650432,0.111170292871493,0.1724079104362,0.192252180299671,0.188207880701129,0.147830794163771,0.172504522635761,0.135129762901537,0.172119808844423,0.168579887309499,0.177678678032842,0.15856741096973,0.149825225891257,0.140193509405887,0.341464291376844,0.269206146179811,0.258920305152087,0.278573374506346,0.351460862075533,0.118169766788835,0.136618394920733,0.21064885130513,0.151138956474449,0.120270716081752,0.114163048822487,0.0930833029710033,0.120968984911704,0.110929000799079,0.0231567236025438,0.0757590468588838,0.168338279045915,0.0652107328375142,0.059346764973251,0.147279982065068,0.0946538594778395,0.0547549788641181,0.0511391372368383,0.0977348473473312,0.0913382635034378,0.0693721500667665,-0.000368962270128141,0.103671169762232,0.0199346030834625,0.0450273614485636,0.0279808407352335,0.0457621477770875,0.00501858425638176,0.0245752420740688,0.0464447446107003,0.0262451413184193
"4",4,-0.0685384603655007,0.0429469951346292,-0.0171185610195679,4.86233362601631e-05,-0.0638514960081596,-0.065127494634862,-0.0283921918509644,-0.0759327518598278,-0.0786330104129799,-0.0685510284597741,-0.0474222161284389,-0.00882734503031922,-0.0657752906983307,-0.108291916944519,-0.091633057824526,-0.0872999312942128,-0.0547464115843358,-0.0377291896676652,-0.0769214921970921,-0.0825702449778919,-0.0874479965420384,-0.0699283479967482,0.322943469368635,0.248445849840807,0.226284081929898,0.18864795943247,0.250447220875583,0.0246429086272156,-0.0387818609094546,-0.0134454410085917,-0.0741087794396146,-0.0517701963232137,-0.0528679883649608,-0.0885526537787643,-0.0912366216763168,-0.109907254899981,0.100230055739395,0.0955781379560249,0.0942171276729774,0.0844238539540777,-0.0337893259750504,-0.0680250682011548,-0.0628528295187023,-0.0729557187829384,-0.0691194129153559,-0.080644057412283,-0.106368347993236,-0.120430453286458,-0.0556247243166926,-0.0583572197054343,-0.0731070083342697,-0.0823456013166043,-0.101240954256331,-0.00102955265854939,-0.0835888441544069,-0.118908582570104,-0.109949067001086,-0.120248349185722
"5",5,-0.0362590713907732,0.0609904987176063,0.00437479449526961,0.0308154742531544,-0.0075054651355717,-0.0105208069754342,0.0193188671713649,-0.0387246942470155,-0.0279565355271961,-0.0534735941301645,-0.022815562630703,0.0252102021869296,-0.012755578978854,-0.0471745526709381,-0.0271192551643139,-0.0420279087104945,-0.0216303712385315,0.000484000864564673,-0.0181702611424254,-0.021899069039336,-0.0418083471468499,-0.0280158461821047,0.355565917429815,0.272149867122795,0.248593756033773,0.225725486492885,0.304512760985096,0.0357624444464704,-0.0285473760478378,0.0199286863592642,-0.0612540172601592,-0.0447194723045472,0.00184183307043946,-0.0372794086746983,-0.0341800560804391,-0.0502886742599723,0.109294947005401,0.103237842182659,0.127071815323717,0.0854743067245794,-0.0377916890567717,-0.045888749541526,-0.070567978215782,-0.0887567554226524,-0.018048081356499,-0.011540777219067,-0.0388538566122381,-0.0497808224229481,-0.0263260461468022,-0.00407714963572887,-0.0606372505639469,-0.0695316985116663,-0.105878625689504,-0.0328888628950766,-0.0140304163809434,-0.0440070210555711,-0.0456932617977867,-0.0682609897571935
"6",6,0.131475658854132,0.000866338915627976,0.0431972523120438,0.101128253232354,0.0311761743056693,0.0706181579231597,0.10551979979417,0.0680064450595251,0.107055735141905,0.101428183322626,0.111573241177062,0.0454575185567574,0.105813664770333,0.0643734210358171,0.120705189410036,0.118279968612916,0.124709964292085,0.0753525402544068,0.104312062774173,0.122878571521382,0.0207528119717797,0.117337368175359,-0.0871915762156516,-0.0921422442225226,-0.0525214947016966,0.0492101472032611,0.104158065636559,-0.00798559298714055,0.0416758210186641,0.108055089483269,0.0799043994799521,0.101963206050727,-0.0450211916423668,-0.00614662042516946,0.053371192210593,0.0898928794535873,-0.0826789442830509,-0.0515201116683234,0.0377557186304971,-0.0427928238511475,0.00368390903982868,0.093182106618514,0.0702840496897919,0.0948140624045349,-0.0062353785352434,0.0658681085273258,0.0205514071087728,0.0623275424155612,-0.0164212479098661,0.0726644940013794,0.00737646241482492,0.0800254744623373,0.0798800552647914,0.0865103217026206,0.0714487634282892,0.0748287828287452,0.0924393022430374,0.105640883399674
"7",7,-0.0562160595853612,0.0264239811540575,-0.00443363427046756,-0.063409841376007,0.102664620169542,0.056963179937785,0.0170355560712943,0.0770296507221397,0.0353626578341918,0.0246490491889479,-0.0402746725949277,0.0165112514038607,0.00182121012023257,0.092031212443454,0.0433468859298334,0.0307236075657422,-0.0513713735130942,-0.0061668318629552,0.00416536923246318,0.0264092663876212,0.0704821678934428,-0.0422153915888167,0.017274653993108,0.0521834844095531,0.034000369319362,-0.0332412522829604,-0.0989662611019639,0.0858998937474979,0.0611164243309256,-0.0167787476110136,0.0266720413204762,0.0050760071612136,0.122155835928822,0.103673981157838,0.0485807390014201,0.0258464062173708,0.105457495364679,0.0916286275666714,0.0017785256878759,0.0902633156937114,0.0613737007359863,0.00788718374464496,0.00219264902051517,0.0106914685349381,0.0886986483480755,0.0303218571656251,0.0783937041727086,0.0527842225532771,0.0774604344103177,-0.0143821264626449,0.052804082274649,-0.0106509721984469,0.0198385641446052,-0.0291762804230856,0.00655561073575631,0.0460734011123373,-0.0284493076629114,-0.0385569180554375
"8",8,0.0563643247586391,0.0234228587782466,0.0273739118593979,0.0416572524575668,0.0676086748611744,0.0712200668233206,0.0855393860022872,0.077524162000232,0.077565110266288,0.0688098444962515,0.053334594428357,0.0395978966283161,0.0639712826303312,0.0774538193415211,0.0941939399984263,0.0850113382450978,0.0555844819576109,0.0429431411606979,0.0600712748276843,0.0873171348586238,0.0453368830566474,0.0499747012227936,-0.00646496893248121,0.00574036822007056,0.0242056559703536,0.0608359828541061,0.0704517282368093,0.0442651273873769,0.056661523264413,0.0646409728498836,0.0499693784424897,0.0568868589480111,0.032485135186309,0.0458073322440426,0.0572620305242889,0.0648675635005155,0.0314973176559822,0.0513754629142764,0.0656488119935521,0.043975188360405,0.0402929899963156,0.0657577423185859,0.0307442513036939,0.0514213124591466,0.043901348423299,0.0606786920367876,0.0479789073936037,0.0614923021285062,0.0363987580494022,0.0477129959530097,0.0364871759093665,0.0527955012251242,0.0568162347821335,0.0311202913788101,0.051493926600312,0.0691373275866477,0.0442356827542541,0.0430830613044513
"9",9,-0.0418258924779986,0.0290041635640064,-0.00145575500089446,-0.0466015054216386,0.112398895167722,0.0758718006299412,0.0440332545803892,0.102054796491034,0.0809905032013833,0.0732899737839699,-0.0257072800294218,0.0240884460233145,0.02090502870188,0.105272436234838,0.0706586744613132,0.0658993998685563,-0.0378988092589696,0.00326402491169409,0.0236316674730479,0.0550886610140057,0.0666207431988099,-0.0266778276268579,0.0428378607521604,0.0590671914742304,0.0459441485132024,-0.0146344256445339,-0.0588678110567127,0.108470701097967,0.093296539740978,0.0288241193597197,0.0812318071460938,0.0651083607619331,0.116091612250221,0.0990473797472051,0.0518986838696327,0.0364200221633253,0.0791321259747884,0.0710064793642042,-0.00411871590208563,0.0874440762207495,0.06576614134371,0.0347821068483414,0.0555754482378908,0.0711416588960222,0.0759628607051917,0.0280777022884327,0.0733345621856121,0.0510196411669715,0.0505805745055977,-0.0246799081333254,0.0365001365890082,-0.0130392840167016,0.0409413789097999,0.0413008852233967,-0.00841074322887156,0.0391074802750188,-0.0454145511846024,-0.0472873002357842
"10",10,0.100942869183598,-0.0128903188199479,0.0128524937501514,0.0541726299075841,0.0541400908643727,0.0771202500008498,0.107093247844865,0.0884071431187462,0.0923918620197084,0.097547895536002,0.079032919157812,0.0326935202236492,0.0978492060897327,0.0868766217592348,0.140565964329735,0.129842655257946,0.0938094233675964,0.0625235288250626,0.0991615725555227,0.139746977419231,0.000390746369069252,0.0940338463405013,-0.0816819585526015,-0.081568699772912,-0.0438821804764713,0.0493248185340381,0.100537795498162,0.00967165260331424,0.0292336786895004,0.0760626135855565,0.0432485536882095,0.083910460292279,-0.0467063841437173,-0.00734039827710794,0.0439960955415983,0.0853496961084183,-0.0227105880501698,-0.0120551015866657,0.0446706914536738,0.00020786197695586,-0.00621096420111136,0.060720950796165,0.0282640401019024,0.0777240443743773,0.00772714030858303,0.0701622764480187,0.0178053223660847,0.071915295208397,0.00690643672950234,0.0582150808658227,0.00157534109293627,0.0583180991629986,0.0650322945331308,0.0681075224808809,0.102728393337032,0.107579920668528,0.0853013434680403,0.0971515724738901
"11",11,-0.186204252496066,-0.0593397524990099,-0.123055750161294,-0.202168135693228,0.0148601803952047,-0.0350576241394013,-0.0880580860765271,0.0283280310851818,-0.0611827817015437,0.00237233496240246,-0.167963728379044,-0.0892109738767947,-0.101577657429446,-0.00223777404903716,-0.0438809515141222,-0.0259123734463379,-0.17497945003736,-0.0997809448793838,-0.0891320420374768,-0.0457464153655827,-0.108442692419073,-0.155191147777642,-0.000243620700081465,0.00839125716016539,-0.0304487737872162,-0.143323482735595,-0.204694537949874,0.0700572203866035,0.00827066461999323,-0.105809068797093,-0.0271724064915888,-0.000122025518705552,-0.0508663424177887,-0.0612232698503758,-0.118401977564569,-0.120375407739353,0.0791189012736191,0.0213634398055783,-0.130748196926708,0.0789455158124479,0.0128233926966938,-0.0890086929229728,0.00117743568657638,0.0408500787949233,-0.0512292441382735,-0.117493118395258,-0.100098151154257,-0.102691816464207,0.0136313043433864,-0.121168136388695,-0.00208624062425663,-0.0757423098250899,0.00945791747887059,0.0621314450976806,-0.0692888413631747,-0.0815873333607465,-0.106187092873895,-0.0784635772346739
"12",12,-0.156611999460854,-0.00799754260614848,-0.0723824776288043,-0.157179868065102,0.0816070979913517,0.0224815395610191,-0.0400923819063994,0.066725322645071,-0.0209776850194679,0.00169647878351329,-0.131732811086805,-0.0427526224605013,-0.0643682810924115,0.0566533021818223,-0.00715614465858267,-0.00583200442222465,-0.139424204982749,-0.0660603767486411,-0.056840865649074,-0.0192950828607918,-0.00907526634088094,-0.130035093979837,0.0195536168399504,0.0605361478182052,0.0182842704789364,-0.0976323851890653,-0.193446701060093,0.101111788862144,0.0551636057122738,-0.0720509462431196,-0.00696345477391465,-0.0158247372011767,0.055708186859976,0.0375161843607685,-0.0376264747616925,-0.0644760418407675,0.131894366297417,0.103415028093429,-0.0516242953855912,0.119960009394433,0.0818728870866596,-0.0250428801280305,0.00151325269103672,0.0118378265903739,0.0344715448456739,-0.0434014766716378,-0.00580188549450386,-0.0329625739846869,0.0953816775287086,-0.0381502470585999,0.087040786257694,-0.00493149156157863,0.0467770889497207,-0.00743980141443642,-0.0292162057139449,-0.030151537996777,-0.034336262628148,-0.0272283624710452
"13",13,-0.154237351948041,-0.0188548129895211,-0.0788359129098566,-0.154219590502355,0.0593056369603274,0.00712275750638114,-0.0576659070015432,0.0466956797746161,-0.0117633197842983,0.0109601827766363,-0.133413805483572,-0.0411763409813546,-0.0541435419003442,0.0402216125532081,-0.00783946460127842,-0.00466755005993603,-0.139090509455338,-0.0568455576430104,-0.0384770511085894,-0.0138121557526447,-0.0494378838524464,-0.115878769823884,0.0692976182184842,0.0584585012697196,0.0101772701650377,-0.108695872598793,-0.157785334875482,0.0820728533287479,0.0255642278232024,-0.0667461949651754,0.00587157731223055,0.0115122407656147,0.0138336263283892,-0.0101608263642784,-0.0677026500868375,-0.0756142874067561,0.0638306857064432,0.00825948564390983,-0.116450359434754,0.063560115099647,0.00866836085160485,-0.0674585936114476,0.0140055075810892,0.029092583838375,-0.0154874117755406,-0.0743212779402388,-0.0409989687201923,-0.0573969116890718,0.0146474742899077,-0.0921621551968852,-0.00640918178949807,-0.0843016981162284,-0.0102549148445283,0.0388833467079306,-0.0528066468986516,-0.0530826261531918,-0.0839369656747845,-0.068581716133191
"14",14,0.15918225680295,-0.0717385460300792,-0.0106121886425325,0.0912045974507115,0.0464054376882904,0.103824900819484,0.173300306665166,0.105726131535833,0.165612558424098,0.151935287055736,0.0985172483181478,0.00356633810943044,0.120933856665589,0.103679888002637,0.19429864913701,0.19259986382931,0.122152956656129,0.0524904274866301,0.127020440545609,0.199184195400269,0.0320229398695025,0.152873464851497,-0.160383197476735,-0.161091732214859,-0.082501810969093,0.0854636936126241,0.186166362413993,-0.00960568869843634,0.0420451282613652,0.151635557477756,0.0984418720921348,0.143884585910667,0.0252116926435006,0.0706365831825613,0.140157883674064,0.191881408617409,-0.0573741630618831,-0.0284765960109575,0.0978490718599344,-0.0323217856911793,-0.0129577889349222,0.117550098390608,0.0685289776612165,0.127620581098165,0.0929370723227969,0.188289060967494,0.13236108434143,0.201162324868969,0.0179848472099857,0.120345306240689,-0.000978524599193058,0.0958385079900515,0.0897449301356681,0.108593492146612,0.213749879885523,0.249238963543417,0.158102035178258,0.158120315161041
"15",15,-0.155676323300464,0.0583019009655073,-0.0154886750920298,-0.139104551639173,0.0699309711577772,-0.0135688192549895,-0.091001549170103,0.0168310006664814,-0.0888623663469928,-0.0708283931427672,-0.104864353277541,0.00914594596506249,-0.067983377384474,0.0291924068260607,-0.060176347091341,-0.0772060714429098,-0.125688957532873,-0.0346371111761786,-0.0684862137819279,-0.0786149477864488,0.00277911104055058,-0.137943909859897,0.10754612135511,0.136772393498403,0.0735001884438292,-0.0822018328907021,-0.194361463010682,0.0841975197826087,0.00794035334006348,-0.135407565124704,-0.0740543190887263,-0.0940025681019198,0.0392762466441628,0.00594121226753019,-0.0756916565408913,-0.112267788687397,0.155310395983286,0.107562623120316,-0.0645246994521442,0.120728147267927,0.0395716064924076,-0.0971827114089252,-0.0760257750849122,-0.0762380190030052,-0.00509086608615631,-0.108341144719009,-0.0543942705204478,-0.0963578678931239,0.0550346822229897,-0.10604304929415,0.0276368777904343,-0.086053213842056,-0.047524128502301,-0.0924219855662716,-0.110701602207473,-0.107495759553491,-0.130161162619601,-0.131904132489238
"16",16,0.121253747202634,0.15691250163303,0.176216684862513,0.0432744658736595,0.16981339153149,0.0927829609938485,0.000314297782268216,0.109708937234997,0.0179510921000049,0.0218018559616964,0.174604040412045,0.215557060074626,0.188711870293381,0.198252934421006,0.152782278789908,0.0768812526651915,0.160632867214577,0.215432834494422,0.187539089342654,0.118342193776048,0.0764939467925792,0.112204578465331,-0.0873605107727492,-0.0702125672199832,-0.101019113905914,-0.139244755858825,-0.206387864402654,0.0146562823772148,-0.0230424902267791,-0.0969298320267309,-0.0403828724152298,-0.0277495789877959,-0.104763598985579,-0.0675150544562342,-0.0385078265118548,0.0135140985740194,-0.0383065036786311,-0.113792161896028,-0.169121017543987,-0.0364572542177871,-0.0913146053905275,-0.0973167231121332,-0.0944734155473492,-0.0330123114798991,-0.100041024743013,-0.103820273791174,-0.0952057153378126,-0.0535797832881669,-0.0663306804095785,-0.134099233836891,-0.109746905901548,-0.132522979874739,-0.0767014744799792,-0.0940857509730738,-0.0870428091471747,-0.0477889000884896,-0.121632790474914,-0.0971351104669588
"17",17,-0.130790997236135,-0.207420070193497,-0.186840460927222,-0.15356640181811,-0.131560569914455,-0.112309778374297,-0.124025727401785,-0.135978416230388,-0.118603504178874,-0.13216704115133,-0.200920775480687,-0.197639757032807,-0.144613857323245,-0.1176384619328,-0.119323940297264,-0.103124488635157,-0.169674612831702,-0.160447163205764,-0.110099771941402,-0.0942751782400894,-0.0965229155812372,-0.0852252349714273,-0.168864369382399,-0.168550632572369,-0.170217162393584,-0.159596131548172,-0.137605739564794,-0.141826479496512,-0.16004028205506,-0.11893985745722,-0.132932452920297,-0.126053848302574,0.0383306558780364,0.0208706014328964,0.00236266675627937,0.00205986735741451,-0.0487666810158917,-0.10178873885793,-0.085023635120939,-0.118839093253742,-0.105225302617422,-0.113797894508477,-0.100561378105099,-0.130600052753528,0.0739081360496946,0.0833010089593748,0.0873197023780841,0.0951380585185039,0.0415078082425862,0.0539805328479125,-0.0134342759145949,-0.0316040790542795,-0.0879864806253774,-0.113954955066191,0.179561431712771,0.141264875194586,0.140630333863434,0.118773032754122
"18",18,-0.163776669719075,-0.200115355576334,-0.199625440617416,-0.158824075088039,-0.124633055095609,-0.0891657353353335,-0.106366142718272,-0.088070125105105,-0.0928781468135795,-0.0769811011860366,-0.214445499835798,-0.221691813959549,-0.163456359822595,-0.124759143514756,-0.128196611843763,-0.0812625104033543,-0.178230558172915,-0.18329425475043,-0.13654615768335,-0.0993349702349181,-0.123673098545177,-0.128930737059315,-0.209833089135013,-0.169244805755563,-0.180566101155884,-0.182151460052237,-0.212260138320106,-0.0880166522930876,-0.0555244782725815,-0.0636047747080487,-0.0563612221755101,-0.0607545122752165,-0.0337617206507092,-0.0271255068530813,-0.0509552706162155,-0.0653724601150703,-0.060875139548865,-0.0531401582504253,-0.073827710889033,-0.0738915006136798,0.041574768387599,0.00734021811670695,0.0243531242455935,-0.0289565210505481,0.0145373382862735,0.0282296456002981,0.00637677107924122,0.00135991622463898,0.104679399230265,0.132207510296368,0.153299749972451,0.139818494791846,0.100094300905442,-0.00998270793415205,0.121188890366133,0.0250308068994262,0.228222888469085,0.237478762493817
"19",19,-0.123789479243024,-0.181862104862839,-0.182990104450449,-0.162082143406879,-0.0969340902157662,-0.0713400463728544,-0.0508119696981074,0.00577998604045276,0.0367857169847182,0.126988357479381,-0.153855152311456,-0.179051951317077,-0.124949250088157,-0.0748779486551663,-0.0472507759042081,0.03205824955047,-0.162666640218424,-0.160319826220989,-0.109072724666958,-0.0285602040408007,-0.142387016350977,-0.100935958224121,-0.150326567122908,-0.1723465269203,-0.144690666133013,-0.16453612047959,-0.138894231790412,0.0294918256934907,0.0440324031108004,0.0225763405448037,0.134085372562915,0.176458369091151,-0.0464685993929866,-0.0438558726531245,-0.0664235820213506,-0.0423619131602912,-0.0957260135949478,-0.122471052751346,-0.168135992241902,-0.0363066890262321,-0.0137759803834516,-0.0104775983262951,0.175216539736889,0.238053572748489,-0.0448695842742614,-0.0688472925186993,-0.0471409417276479,-0.0329986058789314,-0.0969672070982157,-0.148771231194006,-0.082965226999015,-0.0703226435489923,0.0650210356463508,0.292183739388583,-0.059005246253092,-0.0202986382428934,-0.138443478539205,-0.093035599930233
"20",20,-0.125947341298205,-0.211754449484593,-0.1860830526811,-0.149419332944281,-0.114581760159177,-0.0870962012214671,-0.0705191578026113,-0.0597161623809918,0.0341541776449857,0.0539437037941181,-0.184646700587953,-0.20363283065089,-0.154512503322541,-0.0925420655206444,-0.0927131319627276,-0.0227814797395971,-0.193328458923641,-0.193158030037758,-0.129139187239462,-0.0739766854109592,-0.0396231562867159,-0.0880122113015216,-0.15779386177069,-0.175534526235874,-0.144861248741219,-0.168862324439086,-0.142612254812348,-0.0232662127713071,-0.00217854134032552,0.0141053663588664,0.116073398236593,0.105773217875361,0.158139616253645,0.119181358757693,0.0631675484630102,0.0541332860755066,-0.0960622844921672,-0.127828922041234,-0.134460236335743,-0.0913701431288761,-0.0455394596279548,-0.026608395002877,0.126746499504457,0.135870845000231,0.111457108173446,0.0647024884815513,0.150323654484859,0.123411809942695,-0.0583950007779865,-0.0979987380231893,-0.0915224493629053,-0.104525317208386,-0.026756166066465,0.15840145470053,0.0340038220073188,0.117462068288059,-0.0927724883694455,-0.0960426533385946
"21",21,0.167421740460183,0.0631773501587542,0.139318859322572,0.178505276383748,-0.188217509677263,-0.140064028625216,-0.0594990472619513,-0.18057087332497,-0.176181365082354,-0.149413860546724,0.178616782560487,0.0468769141082767,-0.0270178105828947,-0.185536293367048,-0.165145636042656,-0.160455558989548,0.163153861848644,0.0440617707830383,-0.0721738183346437,-0.159963004352447,0.0255484228639576,0.0758792157953056,-0.170361533944084,-0.0939255120688159,-0.0423897462225233,0.0713213973286644,0.0424182444347302,-0.170046912931181,-0.10305387710089,-0.0603159576447777,-0.141615168469404,-0.162942268782789,-0.134121893690791,-0.093117668377511,-0.0338753399201167,-0.047548331053227,-0.0510690531102268,0.031531891504353,0.124992915611389,-0.0740053777985926,0.0055673987187243,0.00981400351870514,-0.117822545155619,-0.146337514842154,-0.0857861489840226,-0.0647978438423276,-0.100255166047229,-0.0989835297365731,-0.0353434066462395,0.032922350677483,0.0239291753444186,0.103859957335158,-0.018441787224139,-0.159365054240864,-0.0971546806112761,-0.123014355446697,-0.00717911591272427,-0.0197104800728589
"22",22,-0.121553792078803,-0.195878363857898,-0.161734245070254,-0.1527585942902,-0.138302922129787,-0.136286267141886,-0.119802529118596,-0.146670888203551,-0.118670232452012,-0.128384015514616,-0.187081713073197,-0.201230823712305,-0.19545783403311,-0.127655794060868,-0.165705100357106,-0.136490965014501,-0.192235245065479,-0.201130222328006,-0.180367824374306,-0.155397809219497,0.0209649144096402,-0.10234872130361,-0.228664899475683,-0.168360154384592,-0.136079134144707,-0.142478076709458,-0.178152571569233,-0.108486583741297,-0.118744251765763,-0.12395290552265,-0.0977920648781987,-0.130365634140595,0.225424846230205,0.182238531613072,0.107769501167389,0.0668782959090078,0.0458595263531775,0.0144590484025106,-0.0121540697120833,-0.0519119249036555,-0.0509913887206664,-0.0973949059640685,-0.102300288043993,-0.117219643500312,0.210502924350746,0.135428032452774,0.223589941539918,0.187412374733374,0.0675126067752776,-0.0144743394538364,-0.0189139326723272,-0.0666119183299948,-0.111592863167736,-0.145377656909387,0.136604048342728,0.205189297432946,-0.00088295186781189,-0.0528260084508513
"23",23,0.192961586393821,0.144344260370243,0.233731941560556,0.1700169530957,-0.108230453827117,-0.12439990855101,-0.136956999724298,-0.180662439099857,-0.177050123174787,-0.183421870225719,0.231696423050591,0.173367124880586,0.0665688622697844,-0.0904789074552239,-0.121837790347477,-0.17074343310521,0.201637147564209,0.162627539690323,0.0404781919408658,-0.134326714396749,0.0717112655242225,0.131317333283489,-0.115649833326567,-0.105095213585254,-0.103141300875572,-0.0789363163327968,-0.110819257311149,-0.196114576169452,-0.189881355077826,-0.162328850819859,-0.170194034229,-0.200683816463786,-0.129192148571584,-0.112686401509863,-0.055649351914814,-0.0370698369989554,-0.15013043341647,-0.181917386233422,-0.107895495327534,-0.193546005179871,-0.184279099683541,-0.167168272304728,-0.200705763006806,-0.21550685276828,-0.142221406236964,-0.143887780713629,-0.117059754734149,-0.113356407507964,-0.181868193897267,-0.160764544920397,-0.208003897962314,-0.173708225622448,-0.237319185976697,-0.242579177567297,-0.185245107210866,-0.15076562662144,-0.199306009037826,-0.211121264048356
"24",24,0.197840615281994,0.139239773931487,0.208717043383658,0.206042276411765,-0.128542537836205,-0.1070501528572,-0.0859042114139784,-0.162074485451078,-0.142644648412258,-0.135997066420519,0.233647034897549,0.157363888459093,0.0801220358430876,-0.11886774216316,-0.0973345877049911,-0.129610283337337,0.221461121510962,0.161711369728584,0.0528577714720353,-0.0954451061437918,-0.0127701423617642,0.135762916250853,-0.00789088764533709,-0.0391986300236487,-0.0356106748689085,0.0287435264669744,0.060431850076353,-0.17507491586458,-0.154496500288407,-0.0791800033900407,-0.135632672943881,-0.134609091891116,-0.242916699555858,-0.2097451582753,-0.112990061017194,-0.0802130931166614,-0.172198508232326,-0.170189666016509,-0.0494577038336258,-0.172947528497327,-0.1524173402532,-0.10149596484641,-0.133376311848835,-0.153201765823448,-0.222642871468601,-0.165964591417573,-0.208974224352079,-0.183260749090902,-0.192144686112245,-0.0909206766519441,-0.167131691943979,-0.0877088389592041,-0.156543034683402,-0.131592193603921,-0.177542716974208,-0.210096159893809,-0.116837655079924,-0.107911975113937
"25",25,-0.121845932012816,-0.0941132382304965,-0.109179006776473,-0.0862560156954576,-0.101692025476941,-0.0648342762365898,-0.0941145010243149,-0.0500800542739285,-0.0676910857869564,-0.0246662545996363,-0.123638019408255,-0.132312125831721,-0.105316279873166,-0.115192212147849,-0.114217096829642,-0.062398277769973,-0.0959705135643153,-0.103009911734882,-0.0931392708921136,-0.0886397981372079,-0.147625541732548,-0.108442523702386,-0.122234908945385,-0.0998947958514888,-0.133380202717811,-0.158322050172438,-0.202370701156885,-0.0409977602746776,0.0151012009427795,-0.0173409414106328,0.00928015845607744,0.00615560446853069,-0.182276917336239,-0.154001101510821,-0.150290416177503,-0.155177027251162,-0.120172891441891,-0.0830791781683496,-0.110722313069205,-0.065763539126534,0.0921375993295861,0.0596184221337946,0.112598679071541,0.0531426445873542,-0.142434793101179,-0.11225689484533,-0.162959485833688,-0.168420317939766,0.0413283671819247,0.0973768627943071,0.170710310183938,0.177654841320887,0.176500638291434,0.0937080320608069,-0.0441584664856335,-0.178938151622413,0.170388672709826,0.217792428276633
"26",26,0.0647780859038513,-0.0225974131583333,0.00691697664714224,0.0688168279602491,-0.0412584998275161,0.0061978829625591,0.0476012476562357,0.000503501388670998,0.0284406727024229,0.0349141955456054,0.0492201524198387,-0.0191254703062294,0.0117735369095544,-0.0302560303553902,0.00725034511691215,0.0280222755542961,0.0605478959424105,7.99428734089133e-05,0.00330586853794365,0.0166221589430661,-0.00236791919024162,0.0420247185879831,-0.101128548232071,-0.0730353817291033,-0.0415172690799143,0.0368138347075433,0.0494285609600472,-0.0274701496080054,0.0360762748355609,0.0741362051535546,0.0423509274003295,0.0417686782899275,-0.0454716355146769,-0.0148016569852729,0.0189571625748387,0.0221784978712643,-0.0537613059504203,0.00845627827766308,0.0689018383120795,-0.0231100387694235,0.0669132579794854,0.10723792053628,0.0672424660979075,0.0534282910946813,-0.0095681529545939,0.0357996017690727,-0.00347735576650954,0.00807840870009334,0.0307685345923187,0.107600012317897,0.093751034649181,0.14915215848767,0.117295855453904,0.0519007939352519,0.0359221126067685,0.00459282747948748,0.121304585294966,0.130372905825114
"27",27,0.176687848321874,-0.0466164900581431,0.0376960524591981,0.159524928017703,-0.0775108979866217,0.00336447816290286,0.0999758143779302,-0.0329871561833213,0.0650764069491159,0.0402712510598195,0.124849853486208,-0.00750593956902252,0.0478264174298164,-0.0403314865728445,0.0341911328869962,0.0494939316476815,0.13593111252493,0.0228418374268009,0.0357942401849172,0.0462756480454961,0.0608930427879317,0.138940420708763,-0.157674123343612,-0.137860657223475,-0.0559758452049039,0.114374336570952,0.190690124665115,-0.0898711152247332,-0.002844887537326,0.124409311408161,0.0496871505068811,0.0477420544738811,0.0396195792458158,0.0695081276387494,0.132881518525336,0.145425544354856,-0.089824548822933,-0.0153479980875776,0.147790350620335,-0.0814860815952775,0.00585329368153554,0.120765476996075,0.0394087393139614,0.0340650712344999,0.0801603978363857,0.155904556783296,0.123288779446757,0.147725741334394,0.000886819670670142,0.135295224965851,0.021936851699822,0.127622205650629,0.0547766939476922,0.0191174556590694,0.12845790793043,0.151721019528352,0.135940636394987,0.116527705476288
"28",28,-0.0193786451156481,0.107833741422082,0.0582483935551183,-0.00861386382092887,0.15619620225315,0.108289097474408,0.0579695507269858,0.134351931901021,0.0725888409650575,0.069178657446395,0.0270398169176484,0.0925928009493682,0.0705527627136967,0.136832117226982,0.0981346959508266,0.0760661287404129,0.0182628671381342,0.0680733735784851,0.0655261542596504,0.0771452178927568,0.0582242075529097,-0.0144797928073059,0.106131521018878,0.12537580563853,0.0897756712874896,0.0175829644104063,-0.0470071704380801,0.132909767267355,0.114769686459894,0.0271704194224389,0.0615625371793201,0.0495178177785715,0.0233870395562751,0.0235211073855833,-0.00596360182354819,-0.0171949883486192,0.0943899103499818,0.0991753887581863,0.00870209159861331,0.120055385957826,0.100508106107732,0.0539790545475954,0.0460261171117638,0.0545537040520679,-0.00290247291391378,-0.0353315556076911,-0.0242573128802708,-0.0395667188892205,0.064010396889368,0.00077650157553201,0.0853609295024931,0.0360593045368535,0.0817962010758543,0.0251356285726593,-0.0580460348612992,-0.056303548355773,-0.0176200919569929,-0.00480416730010758
"29",29,-0.118802598525419,0.131188792983948,0.0492787078711588,-0.075221488686983,0.133952922437675,0.0436545650743467,-0.0646272032859242,0.0386242170092506,-0.0399012494332885,-0.0730702662589076,-0.0559258980447338,0.0946978850481017,0.0183369898134575,0.0871415644321615,-0.00123653170696898,-0.0493349279232841,-0.0660475109725525,0.0517342089566607,0.0272890705417111,-0.0218814416727482,0.0283506269026028,-0.0826355265337032,0.268056321690924,0.236422207448482,0.140210000794802,-0.0321977573923376,-0.104052763528831,0.0916323518779186,0.00215668422002302,-0.100705650655798,-0.06191271940155,-0.090450487543579,0.0343886136349755,-0.0112604248969711,-0.0715994990637316,-0.0984742725474335,0.110148416672502,0.0445745588449083,-0.0840320607350222,0.0824974497338543,-0.00842152966794994,-0.105650972230645,-0.081296692635153,-0.11342125578907,-0.0347857944102793,-0.102969688482204,-0.0588491023227225,-0.101752230491659,0.0214823119632439,-0.0801594951025807,-0.011662930526826,-0.125851137604542,-0.0997428131923974,-0.120972364552677,-0.106004106161904,-0.124793656973758,-0.0959358848364507,-0.101681886094764
"30",30,0.149464316463663,-0.119181326850252,-0.0246381376338254,0.118048035306116,-0.162327972462838,-0.0619333290258305,0.0500489027775751,-0.0912822465927689,-0.00175721122972546,0.0048986937004633,0.0793398964676141,-0.0787633854910059,-0.00620074470680983,-0.11702960516695,-0.0211510466998951,0.0103200095934137,0.100450935021374,-0.0284254441424854,-0.0140159173787703,0.00411559405957749,-0.0284592649486142,0.111414034243751,-0.24307304688595,-0.223505008844649,-0.132107612931301,0.0657520792683655,0.159741849147238,-0.152036320886794,-0.0644322181445671,0.0797953484881184,-0.0068397152286222,0.0176114894179751,-0.0552807328261171,-0.0099021391237937,0.0721307095525721,0.0999305141573371,-0.129689967272392,-0.064105654788613,0.111787491443049,-0.125506478027031,-0.033046603466686,0.0810084795912905,0.0131965618959683,0.0179955668699615,0.0264270474850719,0.122319746275254,0.0583184154806813,0.105845278100481,-0.0209086285300325,0.129395164405388,0.00502157758391808,0.132495603219423,0.0499454376041124,0.0290438411682921,0.144901906579073,0.133703087178067,0.159726277026849,0.151955968116768
